{"cameraMode":{"drawMode":0,"name":"Shaded","section":"Shading Mode"},"sceneLighting":true,"audioPlay":false,"sceneViewState":{"showFog":true,"showMaterialUpdate":true,"showSkybox":true,"showFlares":true,"showImageEffects":true,"showParticleSystems":true},"in2DMode":false,"pivot":{"x":8.932523727416993,"y":3.497166156768799,"z":-1.8451461791992188},"rotation":{"x":0.0014998421538621188,"y":0.0014998624101281167,"z":-0.0000022725316739524716,"w":0.999995768070221},"size":14.050204277038575,"orthographic":false}